publishedAt,source,title,description,url,vader_compound
2025-08-14T05:13:54Z,The Times of India,"Vietnam makes first US oil purchase in 2025, sources say","Binh Son Refining and Petrochemical, Vietnam, will buy one million barrels of U.S. crude for November. This marks Vietnam's first U.S. oil purchase in 2025. The light-sweet crude is from Mercuria. Vietnam committed to buying more U.S. crude in deals with Wash…",https://economictimes.indiatimes.com/news/international/world-news/vietnam-makes-first-us-oil-purchase-in-2025-sources-say/articleshow/123295865.cms,-0.875
2025-08-14T04:55:15Z,Thehillstimes.in,Mizoram CM Links Drug Inflow to Golden Triangle Proximity,"HT DIGITAL AIZAWL, AUGUST 14: Mizoram Chief Minister Lalduhoma on Wednesday attributed the state’s geographical proximity to the “Golden Triangle” — an infamous drugs-producing hub of Southeast Asia — as a major factor for the consistent flow of narcotics int…",https://thehillstimes.in/northeast/mizoram-cm-links-drug-inflow-to-golden-triangle-proximity,0.0
2025-08-14T04:40:18Z,Ozbargain.com.au,Boost Mobile $300 SIM Pack with 300GB 365 Days for $244 Delivered @ Cellpoint,"Boost Mobile $300 Prepaid Sim Starter Pack with 300 GB Data for $244 - Delivered @ Cellpoint Full Coverage of the Telstra Prepaid Mobile Network Sim activation expiry date is March 19, …",https://www.ozbargain.com.au/node/919595,0.6597
2025-08-14T03:59:25Z,Paul Tan's Automotive News,"2025 Denza D9 EV MPV review in Malaysia – RM259k-309k, should the Toyota Alphard/Vellfire be worried?","Launched in Malaysia half a year ago, the Denza D9 quickly rose to become one of the country’s best-selling EV MPVs, currently second only to the BYD M6. According to the latest road transport department […]
The post 2025 Denza D9 EV MPV review in Malaysia – …",https://paultan.org/2025/08/14/2025-denza-d9-ev-mpv-review-in-malaysia-rm259k-309k-should-the-toyota-alphard-vellfire-be-worried/,0.128
2025-08-14T03:10:00Z,The Japan Times,Thailand’s Delta sees AI boom boosting sales for coming years,"The maker of components for data centers and electric vehicles is boosting investment to fuel its expansion, CEO Victor Cheng said.",https://www.japantimes.co.jp/business/2025/08/14/tech/thailand-delta-ai-boom/,0.5859
2025-08-14T03:09:00Z,The Japan Times,Chinese investors eyeing Indonesia to avoid tariffs and tap local market,"Indonesia, Southeast Asia's biggest economy and the world's fourth most populous country, has an edge over its neighbors — the potential of its vast consumer market.",https://www.japantimes.co.jp/business/2025/08/14/markets/chinese-investors-indonesia-us-tariffs/,-0.296
2025-08-14T02:44:26Z,Breitbart News,7 Nations Endorse Trump for Nobel Peace Price: 'President of Peace',"At least seven nations across the Middle East, Asia, and Africa have called for President Donald Trump to receive a Nobel Peace Prize, with the White House celebrating the endorsements as proof that he is the ""President of PEACE.""
The post 7 Nations Endorse T…",https://www.breitbart.com/politics/2025/08/13/7-nations-endorse-trump-for-nobel-peace-price-president-of-peace/,0.9559
2025-08-14T01:06:54Z,Yahoo Entertainment,"Chinese investors eyeing Indonesia to avoid US tariffs, tap local market","JAKARTA (Reuters) -Gao Xiaoyu, the founder of an industrial land consulting firm in Jakarta, has been inundated with calls from Chinese companies eager to...",https://finance.yahoo.com/news/chinese-investors-eyeing-indonesia-avoid-010654689.html,0.0772
2025-08-14T01:06:54Z,Yahoo Entertainment,"Chinese investors eyeing Indonesia to avoid US tariffs, tap local market","JAKARTA (Reuters) -Gao Xiaoyu, the founder of an industrial land consulting firm in Jakarta, has been inundated with calls from Chinese companies eager to...",https://ca.finance.yahoo.com/news/chinese-investors-eyeing-indonesia-avoid-010654159.html,0.0772
2025-08-14T00:01:38Z,Biztoc.com,Thailand’s Delta Sees AI Boom Boosting Sales for Coming Years,,https://biztoc.com/x/e3d1069d6ee1ceb8,0.34
2025-08-14T00:00:00Z,Mercola.com,How Probiotics Help Lower Your Risk of Heart Disease,"Nearly 18 million people lose their lives to cardiovascular disease every year, according to the World Health Organization (WHO),1 making it the most common cause of death worldwide. Coronary artery disease (CAD) is the most prevalent form, marked by plaque b…",https://articles.mercola.com/sites/articles/archive/2025/08/14/probiotics-and-heart-health.aspx,-0.802
2025-08-13T23:54:38Z,Livemint,Thailand’s Delta Sees AI Boom Boosting Sales for Coming Years,"Delta Electronics (Thailand) Pcl, the country’s most valuable publicly traded company, is predicting “double-digit” sales growth to continue for at least the next couple of years on rising demand for AI-related tech, Chief Executive Officer Victor Cheng said.",https://www.livemint.com/companies/company-results/thailands-delta-sees-ai-boom-boosting-sales-for-coming-years-11755129278974.html,0.7841
2025-08-13T22:47:30Z,New York Post,Ukraine peace is in reach — if Trump meets Putin’s demands with US vigor,"By staking out an aggressive position, Trump can convince Putin that continuing the war will gain him nothing but more trouble.",https://nypost.com/2025/08/13/opinion/ukraine-peace-is-in-reach-if-trump-meets-putin-with-us-vigor/,0.7195
2025-08-13T22:01:37Z,Chinadigitaltimes.net,"Censorship Scandals Engulf Thai, French Art Museums","A prominent Thai art gallery became embroiled in a scandal last week when it removed parts of an exhibition following pressure from the Chinese embassy. Ironically, the title of the exhibition, hosted at the Bangkok Arts and Cultural Centre (BACC), is “Conste…",https://chinadigitaltimes.net/2025/08/censorship-scandals-engulf-thai-french-art-museums/,-0.7184
2025-08-13T21:52:43Z,EFF,Long Live Short-Lived Certificates!,"August 20, 2025 - 10:00am to 11:00am +07
August 19, 2025 - 8:00pm to 9:00pm PDT
Bangkok, Thailand

Out Of The Box - Bangkok (not EFF) will host this event. EFF Director of Engineering Alexis Hancock will be speaking.


From the Organizers: 

The landscap…",https://www.eff.org/event/long-live-short-lived-certificates,0.0
2025-08-13T21:22:28Z,ABC News (AU),Will Australia's shift on Palestinian state impact our alliances in the region?,"When Australia formally recognises the state of Palestine at the UN Assembly next month, it will join others who have done so since the Palestinian Declaration of Independence in 1988. Here's a look how countries from across the Asia Pacific region view Pales…",https://www.abc.net.au/news/2025-08-14/how-australias-neigbouring-countries-stance-on-palestine/105643910,0.296
2025-08-13T20:40:36Z,Gizmodo.com,"A Man’s Eye Got Infested by a Worm, so Doctors Vacuumed Out the Eye Juices","Though the worm removal was successful, he experienced vision complications.",https://gizmodo.com/a-mans-eye-got-infested-by-a-worm-so-doctors-vacuumed-out-the-eye-juices-2000642626,0.7003
2025-08-13T20:18:57Z,Newsweek,ChatAndBuild Founder Christel Buchanan Wants to Make You an App Developer,"Buchanan, the founder and CEO of ChatAndBuild, has launched a platform that allows anyone—coding skills aside—to build ready-to-use tech products.",https://www.newsweek.com/chatandbuild-founder-christel-buchanan-wants-make-you-app-developer-2110333,0.128
2025-08-13T20:15:00Z,GlobeNewswire,Alvotech Reports Results for the First Six Months of 2025 and Provides a Business Update,"REYKJAVIK, Iceland, August 13, 2025 - Alvotech (NASDAQ: ALVO, or the “Company”), a global biotech company specializing in the development and manufacture of biosimilar medicines for patients worldwide, today reported financial results for the first six months…",https://www.globenewswire.com/news-release/2025/08/13/3133008/0/en/Alvotech-Reports-Results-for-the-First-Six-Months-of-2025-and-Provides-a-Business-Update.html,0.0
2025-08-13T20:15:00Z,GlobeNewswire,Alvotech Reports Results for the First Six Months of 2025 and Provides a Business Update,"REYKJAVIK, Iceland, Aug. 13, 2025 (GLOBE NEWSWIRE) -- Alvotech (NASDAQ: ALVO, or the “Company”), a global biotech company specializing in the development and manufacture of biosimilar medicines for patients worldwide, today reported financial results for the …",https://www.globenewswire.com/news-release/2025/08/13/3133009/0/en/Alvotech-Reports-Results-for-the-First-Six-Months-of-2025-and-Provides-a-Business-Update.html,0.0
2025-08-13T20:00:00Z,/FILM,Alien: Earth's New Siam Explained,"The two-episode premiere of Alien: Earth drops a lot of world-building info on us, including a new location called New Siam.",https://www.slashfilm.com/1936480/alien-earth-new-siam-explained/,0.0
2025-08-13T19:00:00Z,IndieWire,How the Production Design of ‘Alien: Earth’ Wrecks the Future,Production designer Andy Nicholson expands the look of an iconic franchise for “Alien: Earth.”,https://www.indiewire.com/features/craft/alien-earth-production-design-making-of-maginot-1235145037/,0.1027
2025-08-13T18:58:52Z,UN News,Daily Press Briefing by the Office of the Spokesperson for the Secretary-General,"In Gaza, the World Food Programme (WFP) warned today that starvation and malnutrition are at the highest levels there since the conflict began in October 2023. Meanwhile, the Ministry of Health in Gaza reported that five people died over the past 24 hours due…",https://press.un.org/en/2025/db250812.doc.htm,-0.7906
2025-08-13T18:18:19Z,Ndtvprofit.com,"IndiGo Ready To Resume India-China Direct Flights, Awaits Bilateral Green Light, Says CEO","India's leading airline, IndiGo, has announced its readiness to resume direct flights between India and China, pending bilateral agreements.

The resumption of direct air connectivity between the two nations will mark the first such services since they were s…",https://www.ndtvprofit.com/business/indigo-ready-to-resume-india-china-direct-flights-awaits-bilateral-green-light-says-ceo,0.7096
2025-08-13T17:56:36Z,Forbes,5 New Life-Changing Adventures For 2026,Five adventure trips that could help change the way you look at the world,https://www.forbes.com/sites/everettpotter/2025/08/13/5-new-life-changing-adventures-for-2026/,0.7506
2025-08-13T17:21:53Z,Barchart.com,Sugar Prices Fall Back After 3-Session Rally,"October NY world sugar #11 (SBV25 ) is down -0.09 (-0.53%), and October London ICE white sugar #5 (SWV25 ) is up +1.00 (+0.21%). NY sugar prices today are...",https://www.barchart.com/story/news/34123122/sugar-prices-fall-back-after-3-session-rally,0.0
2025-08-13T16:57:12Z,Biztoc.com,Woes From Myanmar’s Catastrophic Civil War Spilling into Thailand,"Thailand has endured a series of what the Chinese would call “black swan” events – unexpected traumas – that have clouded the country’s political and economic outlook this year.
They include a huge earthquake in Myanmar in March, which caused the collapse of …",https://biztoc.com/x/01e706bdceaa1bec,-0.936
2025-08-13T16:49:17Z,gcaptain.com,Descartes: U.S. Container Imports Surge to Near-Record Levels as Tariff Deadlines Loom,"U.S. container imports surged to their second-highest level on record in July 2025, reaching 2,621,910 TEUs—just 555 containers shy of the all-time high set in May 2022, according to Canada-based...",https://gcaptain.com/descartes-u-s-container-imports-surge-to-near-record-levels-as-tariff-deadlines-loom/,-0.2732
2025-08-13T16:42:29Z,Newsweek,Map of Countries That Have Nominated Donald Trump for Nobel Peace Prize,"Several of the governments backing Trump's nomination are led by authoritarian figures, military juntas, or leaders facing international arrest warrants.",https://www.newsweek.com/map-which-countries-trump-nobel-peace-prize-nomination-support-2112798,0.6705
2025-08-13T16:05:53Z,Frequentflyerbonuses.com,"August 13 Bonus Offer Highlight: Marriott Bonvoy – Earn 2,000 bonus points per night at The Hotel Muse Bangkok, Autograph Collection","Today's bonus offer highlight is a really good nightly Marriott Bonvoy bonus points offer for stays at The Hotel Muse Bangkok, Autograph Collection. Check out all of the new bonuses added today:
The post August 13 Bonus Offer Highlight: Marriott Bonvoy – Earn…",https://blog.frequentflyerbonuses.com/2025/08/august-13-2025-highlight.html,0.9841
2025-08-13T16:00:02Z,Newsweek,Veteran Separated from Family as USCIS Delays Green Card for Wife,"""It is just unconscionable for the U.S. government to treat a citizen and veteran this way,"" Russell John Campbell told Newsweek in an exclusive interview.",https://www.newsweek.com/green-card-delays-uscis-us-veteran-2112721,0.4939
2025-08-13T15:16:01Z,Yahoo Entertainment,Baby Girl Survives Truck Plunge into 50-Foot Ravine Thanks to Mom's 'Final Act' of Wrapping Her in Pillows,"A baby girl is lucky to be alive following a deadly car crash in Thailand. Footage obtained by the Associated Press showed the tense, late-night rescue, with...",https://www.yahoo.com/entertainment/videos/baby-girl-survives-truck-plunge-151601609.html,0.7579
2025-08-13T15:15:44Z,Time Out,NYC is officially one of the world’s best cities for Gen Z,And it was voted the best city in the nation for this demographic.,https://www.timeout.com/newyork/news/nyc-is-officially-one-of-the-worlds-best-cities-for-gen-z-081325,0.8555
2025-08-13T15:13:12Z,CNBC,"Coffee and tea prices continue to ramp up due to tariffs, worrying retailers and importers","According to the Bureau of Labor Statistics, coffee prices surged 14.5% in July year over year. The average retail price for a pound of ground coffee hit $8.41.",https://www.cnbc.com/2025/08/13/coffee-and-tea-prices-ramp-up-due-to-tariffs.html,-0.34
2025-08-13T15:00:00Z,GlobeNewswire,Personalized Retail Nutrition and Wellness Market to Drive USD 16.25 Billion by 2034,"The global personalized retail nutrition and wellness market is projected to grow from USD 4.54 billion in 2025 to approximately USD 16.25 billion by 2034, driven by a CAGR of 15.22% during the forecast period. The global personalized retail nutrition and wel…",https://www.globenewswire.com/news-release/2025/08/13/3132771/0/en/Personalized-Retail-Nutrition-and-Wellness-Market-to-Drive-USD-16-25-Billion-by-2034.html,0.7003
2025-08-13T14:38:00Z,Forbes,China Market Update: Tencent Beats On Top & Bottom Line Despite AI Investments,"Asian equities were mostly higher overnight as Hong Kong and Thailand outperformed, while Australia and Pakistan underperformed.",https://www.forbes.com/sites/brendanahern/2025/08/13/china-market-update-tencent-beats-on-top--bottom-line-despite-ai-investments/,0.2023
2025-08-13T14:25:00Z,Foot-africa.com,Transfer window : The unlikely destination of Jonathan Bolingi,"Jonathan Bolingi chooses his new destinationJonathan Bolingi/FECOFAFree agent after leaving Vojvodina, Jonathan Bolingi has just found a new club. The Kinshasa native is heading to FC Chonburi, a club...",https://foot-africa.com/en/news/transfer-window-the-unlikely-destination-of-jonathan-bolingi-836565/,0.0
2025-08-13T14:04:31Z,Newsweek,Woman's Cats Welcome a Kitten— Viewers Obsessed With Unbreakable Bond,"The heartwarming TikTok video has over 2 million views in just 24 hours. One user said: ""They're in a very happy marriage, I can tell.""",https://www.newsweek.com/bonded-cats-love-kitten-tiktok-2112736,0.8553
2025-08-13T14:02:10Z,PetaPixel,Unwitting Tourist Arrested in Thailand for Flying Drone After Nationwide Ban,"A tourist and photographer is facing one year in prison for flying a drone in Thailand days after the country imposed a nationwide ban on the aerial devices.
[Read More]",https://petapixel.com/2025/08/13/unwitting-tourist-arrested-in-thailand-for-flying-drone-after-nationwide-ban/,-0.9313
2025-08-13T14:00:00Z,GlobeNewswire,"Halal Food and Beverage Market Size Worth USD 5.44 Trillion by 2034, Fueled by 8% CAGR and Rising Global Demand","According to Towards FnB, the global halal food and beverage market size is calculated at USD 2.72 trillion in 2025 and is forecasted to hit around USD 5.44 trillion by 2034, growing at a CAGR of 8% during the forecast period from 2025 to 2034. According to T…",https://www.globenewswire.com/news-release/2025/08/13/3132707/0/en/Halal-Food-and-Beverage-Market-Size-Worth-USD-5-44-Trillion-by-2034-Fueled-by-8-CAGR-and-Rising-Global-Demand.html,0.2732
2025-08-13T14:00:00Z,Plos.org,Monarch butterflies (Danaus plexippus) only use magnetic cues for migratory directionality with orientation re-calibrated by coldness,"Each fall, Eastern North American monarch butterflies (Danaus plexippus) leave their northern range and migrate to their overwintering sites high atop mountains in central Mexico. Although monarchs primarily rely on the use of a bidirectional time-compensated…",https://journals.plos.org/plosone/article?id=10.1371/journal.pone.0328737,-0.0516
2025-08-13T13:56:13Z,Barchart.com,How Bullish Is Sugar Here?,October sugar futures present a buying opportunity on more price strength.,https://www.barchart.com/story/news/34118001/how-bullish-is-sugar-here,0.7414
2025-08-13T13:43:04Z,Bleeding Cool News,New Horror Adventure Game Kumarn: The Wandering Spirit Revealed,"Indie game developer and publisher WereBuff Studio revealed their latest game, Kumarn: The Wandering Spirit, as they put a new twist on a couple of genres. This is a horror adventure game that takes inspirations from Thai folklore and ghost stories, as you ta…",https://bleedingcool.com/games/new-horror-adventure-game-kumarn-the-wandering-spirit-revealed/,-0.1531
2025-08-13T13:33:57Z,Samsung.com,Care Offer Registration | Samsung Thailand,Registration form for offering solution to TCC customer,https://www.samsung.com/th/support/care-offers-registration/,0.6705
2025-08-13T13:30:00Z,GlobeNewswire,"Vegan Beverages Market Size Set to Reach USD 61.89 Billion by 2034, Driven by Health and Sustainability","According to Towards FnB, the global vegan beverages market size accounted for USD 21.44 billion in 2025 and is forecasted to hit around USD 61.89 billion by 2034, representing a healthy CAGR of 12.5% during the forecast period from 2025 to 2034. According to…",https://www.globenewswire.com/news-release/2025/08/13/3132672/0/en/Vegan-Beverages-Market-Size-Set-to-Reach-USD-61-89-Billion-by-2034-Driven-by-Health-and-Sustainability.html,0.4215
2025-08-13T13:14:49Z,BusinessLine,"Global rice output likely to be record high next season, trade may rise","Global rice production and trade projections for 2025-26, including record imports by Iraq, according to USDA and IGC.",https://www.thehindubusinessline.com/economy/agri-business/global-rice-output-likely-to-be-record-high-next-season-trade-may-rise/article69928747.ece,0.0
2025-08-13T13:14:04Z,LADbible,Scientists have given a definitive answer on whether 'size matters',Scientists have finally given a definitive answer as to whether the size of a man's penis really matters in the bedroom,https://www.ladbible.com/news/health/penis-size-health-science-answer-definitive-bedroom-380721-20250813,0.101
2025-08-13T13:04:00Z,DW (English),Thailand: Is the military preparing another coup?,The recent border clashes with Cambodia have left Thailand's politics in chaos while boosting the already immense power of its military leaders. The border conflict between Thailand and Cambodia has strengthened the hand of the pro-junta leaders in Bangkok at…,https://www.dw.com/en/thailand-is-the-military-preparing-another-coup/a-73624722,0.34
2025-08-13T13:00:40Z,Retaildesignblog.net,Club 21 store by OPEN STUDIO,"Club 21 is one of Southeast Asia‘s leading retailers, managing a string of multi-brand boutiques and branded flagship stores in...",https://retaildesignblog.net/2025/08/13/club-21-store-by-open-studio/,0.1027
2025-08-13T13:00:15Z,Gematsu,"Thai folklore horror adventure game Kumarn: The Wandering Spirit announced for consoles, PC","Thailand-based WereBuff Studio has announced Kumarn: The Wandering Spirit, a horror adventure game inspired by Little Nightmares and rooted in Thai folklore. It will launch first for PC via Steam, …",https://www.gematsu.com/2025/08/thai-folklore-horror-adventure-game-kumarn-the-wandering-spirit-announced-for-consoles-pc,0.2023
